Column,Title,HTML,Class
modern-love.json,Close Enough for Momma, Too Close for Me,Close_Enough_for_Momma__Too_Close_for_Me,?
lives.json,Close Encounters,Close_Encounters,?
neediest-cases.json,He Takes to the Stage to Alleviate Fright,He_Takes_to_the_Stage_to_Alleviate_Fright,?
modern-love.json,Learning Humanity From Dogs,Learning_Humanity_From_Dogs,?
lives.json,One Suicide (Assisted) Almost Becomes Two,One_Suicide__Assisted__Almost_Becomes_Two,?
neediest-cases.json,With Help in Time of Trouble, a Reason to Dance,With_Help_in_Time_of_Trouble__a_Reason_to_Dance,?
modern-love.json,To Stay in Love, Sign on the Dotted Line,To_Stay_in_Love__Sign_on_the_Dotted_Line,?
lives.json,The Scariest Thing I Did in India,The_Scariest_Thing_I_Did_in_India,?
neediest-cases.json,THE NEEDIEST CASES;Girl's World Is Expanded At a Center,THE_NEEDIEST_CASES_Girl_s_World_Is_Expanded_At_a_Center,?
modern-love.json,Would Hemingway Cry?,Would_Hemingway_Cry_,?
lives.json,Learning to Play by Ear in Iran,Learning_to_Play_by_Ear_in_Iran,?
neediest-cases.json,Calling on Angels While Enduring the Trials of Job,Calling_on_Angels_While_Enduring_the_Trials_of_Job,?
modern-love.json,Three Men and a Woman,Three_Men_and_a_Woman,?
lives.json,Reality Knocks,Reality_Knocks,?
neediest-cases.json,Reconnecting With His Son, and Picking Himself Back Up,Reconnecting_With_His_Son__and_Picking_Himself_Back_Up,?
modern-love.json,Fuzzy, Purple and Full of Thorns,Fuzzy__Purple_and_Full_of_Thorns,?
lives.json,Human Shield, Running Home,Human_Shield__Running_Home,?
neediest-cases.json,After Losing Job in ’09, Woman Is Impeded Again After Trying to Rebuild,After_Losing_Job_in__09__Woman_Is_Impeded_Again_After_Trying_to_Rebuild,?
modern-love.json,A Joint Account That Underwrites Our Marriage,A_Joint_Account_That_Underwrites_Our_Marriage,?
lives.json,Great Expectations,Great_Expectations,?
neediest-cases.json,Committed to Helping Others, Even While Needing Help Herself,Committed_to_Helping_Others__Even_While_Needing_Help_Herself,?
modern-love.json,Closing Night for My Bit Part,Closing_Night_for_My_Bit_Part,?
lives.json,The Husband’s Speech,The_Husband_s_Speech,?
neediest-cases.json,THE NEEDIEST CASES;Charities Worry as Donations Fade at the Finish,THE_NEEDIEST_CASES_Charities_Worry_as_Donations_Fade_at_the_Finish,?
modern-love.json,A Family That Takes ‘No’ for an Answer (Updated With Podcast),A_Family_That_Takes__No__for_an_Answer__Updated_With_Podcast_,?
lives.json,Grilling Me Softly,Grilling_Me_Softly,?
neediest-cases.json,After a Turbulent Adolescence, a Career Path Comes Into Focus,After_a_Turbulent_Adolescence__a_Career_Path_Comes_Into_Focus,?
modern-love.json,We Were a Party of Two, but Never Quite Alone,We_Were_a_Party_of_Two__but_Never_Quite_Alone,?
lives.json,Other People's Holidays,Other_People_s_Holidays,?
neediest-cases.json,He Helps Parents Get a Second Chance at Learning,He_Helps_Parents_Get_a_Second_Chance_at_Learning,?
modern-love.json,Can Tylenol Help Heal a Broken Heart?,Can_Tylenol_Help_Heal_a_Broken_Heart_,?
lives.json,Son of the South,Son_of_the_South,?
neediest-cases.json,Carrying On Traditions After the Death of a Husband,Carrying_On_Traditions_After_the_Death_of_a_Husband,?
modern-love.json,A Slow-Motion Demise, a Fast-Forward Repair,A_Slow_Motion_Demise__a_Fast_Forward_Repair,?
lives.json,Keep On Moving On,Keep_On_Moving_On,?
neediest-cases.json,Behind Google’s Salad Bar, a Single Mother Who Found the Right Kitchen,Behind_Google_s_Salad_Bar__a_Single_Mother_Who_Found_the_Right_Kitchen,?
modern-love.json,Waiting Patiently for the Wall to Crumble,Waiting_Patiently_for_the_Wall_to_Crumble,?
lives.json,The Plum Eater,The_Plum_Eater,?
neediest-cases.json,Leaving Foster Care With a Mission: Doctor or Bust,Leaving_Foster_Care_With_a_Mission__Doctor_or_Bust,?
modern-love.json,Researching Jenna, Discovering Myself,Researching_Jenna__Discovering_Myself,?
lives.json,A Public Apology for My Sofa,A_Public_Apology_for_My_Sofa,?
neediest-cases.json,Chronicling a Life and Honing Job Skills,Chronicling_a_Life_and_Honing_Job_Skills,?
modern-love.json,Happily Ever, After We Split,Happily_Ever__After_We_Split,?
lives.json,Holiday Fin,Holiday_Fin,?
neediest-cases.json,Caring for 2 Children as Her Health and Finances Deteriorate,Caring_for_2_Children_as_Her_Health_and_Finances_Deteriorate,?
modern-love.json,Changing My Feminist Mind, One Man at a Time,Changing_My_Feminist_Mind__One_Man_at_a_Time,?
lives.json,The China Flu Blues,The_China_Flu_Blues,?
neediest-cases.json,A Student With Perseverance, and a Plan to Match It,A_Student_With_Perseverance__and_a_Plan_to_Match_It,?
modern-love.json,You May Call It Cheating, but We Don’t,You_May_Call_It_Cheating__but_We_Don_t,?
lives.json,Parallels,Parallels,?
